"Rerum necessitatibus saepe sint nobis veniam sit voluptatem.",4607,1055.5
"Placeat in sit qui voluptatum odit unde.",62,7527.25
"Cum nesciunt harum ad temporibus id dolore unde ipsam.",582288,4129.03
"Vel quia sed qui non cum totam voluptas asperiores.",1,9620.77
"Sint rerum et quis consequatur consequatur aut odit.",1756,7186.77
"Quasi blanditiis incidunt quos eligendi quis.",123520,5232.84
"Nihil nostrum ipsa non quidem placeat.",39194758,6356.27
"Consequuntur labore nisi voluptatibus eum explicabo quibusdam cum.",3407702,9380.04
"Aut et et nostrum deserunt quia ratione.",11475,6308.75
"Sit pariatur ut consequatur ut aliquam nihil ratione.",8,7878.55
"Et ut minima accusamus ducimus et est iste fugiat.",12,1616.11
"Dignissimos qui fuga sunt aliquam.",71,4926.09
"Nihil veniam repudiandae et architecto quis velit.",4558578,1634.79
"Ad laudantium tempore fuga.",935624,7009.52
"Ex adipisci nobis odit.",947,3415.22
"Doloribus saepe eum nobis reprehenderit sunt enim nihil.",954897,3240.76
"Numquam provident recusandae occaecati laudantium dolorem quia.",29667156,3687.58
"Quisquam ea minus unde ut et qui.",157360886,8781.44
"Dolorem vitae esse et incidunt omnis quia quos.",919885,3516.5
"Ad consequatur labore ea natus temporibus distinctio aliquid.",24,432.67
"Laboriosam eligendi soluta maiores modi pariatur accusantium incidunt.",77161302,4561.21
"Blanditiis soluta doloremque quos quos deleniti et.",59076015,6720.26
"Ut distinctio ea maxime id sit dolore aut atque.",819211053,4680.13
"Quis aut eum nam pariatur sit occaecati quibusdam.",9469,538.77
"Minima consequuntur dolor consectetur pariatur et voluptas hic.",415192,5866.08
"Iste animi vel consequatur nihil facere.",97840,1967.37
"Voluptatem tempore ratione in.",4667914,459.91
"Debitis corporis veniam praesentium asperiores quas.",8042607,2539.04
"Dolores illum qui qui rerum est odit.",461660,7532.44
"Voluptatem hic qui autem consectetur recusandae perferendis.",34,2115.77
