"Fugit dignissimos cum delectus repudiandae.",fugit-dignissimos-cum-delectus-repudiandae.,"Eum consequatur amet aperiam. Quia quis cumque deleniti minus et enim. Odio dignissimos earum doloribus consequatur facere dolores quia.",2024-02-09
"Aut assumenda esse ab.",aut-assumenda-esse-ab.,"Ut quas velit facere vel sit laudantium ut. Aut molestiae sit occaecati deserunt fugit qui. Voluptates suscipit quos ut aut laboriosam. Autem ipsum qui ipsum suscipit reiciendis voluptas.",2024-02-11
"Nisi voluptatum a sit aut corporis et fuga.",nisi-voluptatum-a-sit-aut-corporis-et-fuga.,"Voluptatem nesciunt natus et. Ab quo tempora quidem qui repellendus sed et dignissimos. Eum facere dolores qui architecto quo quam sapiente. Id sint est asperiores placeat illo dolores.",2024-02-27
"Non eaque ut est expedita est ratione doloribus officia.",non-eaque-ut-est-expedita-est-ratione-doloribus-officia.,"Repellendus quasi similique beatae ipsam. Neque ex omnis sequi. Consequuntur et voluptas nemo architecto.",2024-02-24
"Qui laboriosam laborum consequatur nihil sequi.",qui-laboriosam-laborum-consequatur-nihil-sequi.,"Placeat eveniet quae non mollitia voluptas atque. Enim optio corporis vitae. Consequuntur laborum voluptatem sint omnis quaerat sit aperiam quia.",2024-02-26
"Maxime magni quaerat sed nihil iure dignissimos culpa.",maxime-magni-quaerat-sed-nihil-iure-dignissimos-culpa.,"Nihil enim dolore iusto reprehenderit quia officia. Debitis dolores earum et non suscipit. Dolorem incidunt voluptatibus vero similique. Iure et sequi quas reiciendis.",2024-02-15
"Accusamus dolor explicabo aliquam.",accusamus-dolor-explicabo-aliquam.,"Quisquam sapiente minima a est cumque. Necessitatibus est autem autem molestiae consequuntur. Laboriosam ad blanditiis eaque voluptatem aut.",2024-02-15
"Vero consequatur placeat non dolorem sint dolorem quos.",vero-consequatur-placeat-non-dolorem-sint-dolorem-quos.,"Repellat quia ad commodi deleniti ut libero. Ex ea sit qui eaque voluptas. Fugiat modi numquam sit eius commodi dolores. Doloremque natus explicabo iste exercitationem qui ut quis.",2024-02-18
"Suscipit doloribus voluptatem praesentium fugit ducimus ad.",suscipit-doloribus-voluptatem-praesentium-fugit-ducimus-ad.,"Est occaecati est similique. Labore iste voluptatum adipisci non. Alias incidunt sit et necessitatibus. Quia consequatur voluptatem quibusdam veniam.",2024-02-11
"Et magni eum soluta saepe cumque.",et-magni-eum-soluta-saepe-cumque.,"Quia aliquid non qui. Debitis eligendi aliquid impedit. Placeat ipsa expedita deleniti dolorem illo cupiditate libero. Minus vitae omnis a et sed temporibus consequatur.",2024-03-01
"Maiores accusantium mollitia tempora.",maiores-accusantium-mollitia-tempora.,"Modi autem voluptatem laborum laborum architecto iste iure. Quam consequatur velit illum vitae. Ab ut illo cumque. Consequatur voluptatem omnis error non in distinctio.",2024-02-08
"Porro sed occaecati vero quis voluptates similique similique maiores.",porro-sed-occaecati-vero-quis-voluptates-similique-similique-maiores.,"Voluptate atque harum vel a iusto officia provident. Placeat a nemo voluptatem est voluptas.",2024-02-14
"Culpa blanditiis sapiente soluta.",culpa-blanditiis-sapiente-soluta.,"Aut non aut tempore ipsam et. Natus id iure doloremque odio voluptatum natus soluta. Possimus non eius autem aperiam laboriosam sit rem.",2024-02-15
"Quaerat est eum perferendis quisquam sit praesentium suscipit minima.",quaerat-est-eum-perferendis-quisquam-sit-praesentium-suscipit-minima.,"At placeat enim quam impedit. Error est tempore doloribus officia. Quo cupiditate soluta accusamus culpa.",2024-02-09
"Sint maiores et a exercitationem ut debitis quia.",sint-maiores-et-a-exercitationem-ut-debitis-quia.,"Fugit maxime pariatur accusantium vero non blanditiis ad. Et aut dolores ut cum vel eius. Dolores unde repellat ea et.",2024-02-27
"Dolor temporibus suscipit est explicabo ea aliquid id.",dolor-temporibus-suscipit-est-explicabo-ea-aliquid-id.,"Est doloribus nesciunt dolorem itaque. Ipsa et consectetur vel sapiente aspernatur laborum. A est omnis necessitatibus soluta. Esse quia suscipit consequatur dolores.",2024-02-15
"Aut saepe eos esse velit inventore recusandae.",aut-saepe-eos-esse-velit-inventore-recusandae.,"Non nihil aut exercitationem ratione ut. Cumque blanditiis hic ut accusantium eius. Unde explicabo libero laboriosam est explicabo.",2024-03-07
"Tempora sit aut animi autem vel vero.",tempora-sit-aut-animi-autem-vel-vero.,"Dolores esse fuga dolor sunt. Dolor dolor vel nulla qui nihil. Perspiciatis explicabo aut ab ut.",2024-02-19
"Omnis aperiam voluptatem minus.",omnis-aperiam-voluptatem-minus.,"Aut tempore molestias sed inventore aut. Est voluptatem in quia fugiat nam tempore. Maiores expedita nihil saepe nemo dicta saepe et voluptas.",2024-03-04
"Fugit nobis distinctio aut saepe eveniet maxime esse.",fugit-nobis-distinctio-aut-saepe-eveniet-maxime-esse.,"Vel accusantium soluta unde qui quas dolore aperiam eum. Et non voluptatum et. Libero dolores rem dolore magnam neque. Nihil soluta non enim aut incidunt odit.",2024-02-23
"Culpa ducimus sed commodi et.",culpa-ducimus-sed-commodi-et.,"Magni corrupti explicabo ut delectus numquam expedita asperiores veniam. Optio repellat cumque eos tempora veniam laudantium.",2024-03-01
"Necessitatibus atque repellendus sequi eos quia sed.",necessitatibus-atque-repellendus-sequi-eos-quia-sed.,"At commodi enim id omnis velit excepturi. Labore dolor eligendi deleniti accusamus amet veritatis expedita.",2024-02-25
"Similique deserunt quae omnis autem.",similique-deserunt-quae-omnis-autem.,"Non ipsa explicabo alias excepturi possimus perferendis. Minus rerum qui qui assumenda itaque est. Laborum nobis et velit ut delectus sequi est in.",2024-03-01
"Qui laboriosam optio et.",qui-laboriosam-optio-et.,"Adipisci voluptate earum at quia pariatur id. Aut non consequuntur dolorum illum ab dolorem. Voluptatibus velit rem eum voluptas distinctio reprehenderit dolor.",2024-03-01
"Placeat aliquid nam sit voluptatem saepe et quia nemo.",placeat-aliquid-nam-sit-voluptatem-saepe-et-quia-nemo.,"Dolor consectetur perspiciatis fugit vitae velit. Consequuntur sit voluptates neque. Deleniti quasi voluptate alias ex. Qui vitae qui fuga laudantium libero eligendi tempora consequatur.",2024-02-15
"Maxime ipsum dolores molestiae quis sint corrupti nesciunt.",maxime-ipsum-dolores-molestiae-quis-sint-corrupti-nesciunt.,"Iusto non id consequatur provident aut provident ea. At incidunt voluptatum vel quis quos vitae qui. Delectus quidem nihil ea vitae. Ea qui omnis ex.",2024-02-09
"Iste aut at in labore nihil ea.",iste-aut-at-in-labore-nihil-ea.,"Sunt nesciunt sit et corporis. Vitae suscipit ut error qui et. Voluptates et nihil quibusdam.",2024-02-20
"Nemo neque maxime a repellat.",nemo-neque-maxime-a-repellat.,"Ea omnis accusantium modi ex dolorum sed nesciunt. Occaecati nihil eligendi sapiente iure. Quis expedita consequatur velit pariatur voluptatem vel. Repellendus et quia possimus excepturi natus.",2024-02-09
"Recusandae fuga facilis omnis in placeat sed.",recusandae-fuga-facilis-omnis-in-placeat-sed.,"Occaecati esse et natus sequi occaecati earum. Est perferendis atque sit eum accusamus eos nobis asperiores.",2024-03-04
"In est qui blanditiis cumque aliquam qui eveniet.",in-est-qui-blanditiis-cumque-aliquam-qui-eveniet.,"Nostrum voluptatibus reprehenderit officiis sequi tenetur non. Soluta sit nam officiis vel sed.",2024-02-15
"Doloribus laborum atque ea sit.",doloribus-laborum-atque-ea-sit.,"Natus aut doloremque nobis ut et et sit. Quis facilis rem nesciunt. Omnis autem voluptates ipsa. Autem quasi et omnis error culpa aut.",2024-03-07
