"Animi eos velit voluptatem rem sed.",animi-eos-velit-voluptatem-rem-sed.,"Laboriosam voluptas totam molestiae est est esse ipsa. Facilis earum cupiditate optio aut eaque. Nisi vitae iure consectetur minima vel itaque.",1,2024/02/17
"Maxime quasi voluptatibus aliquid sed.",maxime-quasi-voluptatibus-aliquid-sed.,"Similique labore minus voluptatem dignissimos. Autem ipsam laudantium officiis consequatur recusandae cum qui. Temporibus cupiditate cum nostrum libero.",1,2024/02/28
"Minus nesciunt officia aliquid.",minus-nesciunt-officia-aliquid.,"Vel molestiae quo quae error. Mollitia ducimus pariatur deserunt molestiae commodi veritatis vitae. Ut minus veniam ipsam esse eius. Quos perspiciatis ut ut quaerat vel ab et exercitationem.",0,2024/03/01
"Rerum qui fugiat nihil ipsum quae totam nihil sed.",rerum-qui-fugiat-nihil-ipsum-quae-totam-nihil-sed.,"Voluptas quo autem nemo. Sapiente id earum voluptas. Dolorem omnis rerum accusantium nesciunt quia ipsa.",1,2024/02/20
"Et nemo ut nihil autem.",et-nemo-ut-nihil-autem.,"Qui harum vitae ipsam non ex porro. Delectus dolor debitis labore. Est eos quod dolorem nesciunt repudiandae. Ut non dolorem qui animi sapiente nam.",1,2024/02/10
"Veniam vel quis sint blanditiis laborum sunt.",veniam-vel-quis-sint-blanditiis-laborum-sunt.,"Molestias dolorem incidunt ut qui. Veniam in quasi iure ut et. Et voluptatem deserunt dolorum. Qui corporis optio natus laboriosam suscipit.",0,2024/02/28
"Nam repellendus et veritatis necessitatibus.",nam-repellendus-et-veritatis-necessitatibus.,"Dignissimos dolorem soluta earum vero consequatur. At atque et eligendi ut aspernatur. Voluptatem est fugit veritatis itaque ut quis.",1,2024/03/03
"Quisquam qui maiores iste est.",quisquam-qui-maiores-iste-est.,"Exercitationem quia animi facere labore sapiente eos. Quibusdam vel doloremque sed fugit temporibus quos. Sed ratione ex facere illo. Ut et itaque voluptatum qui nisi vel eius.",1,2024/02/28
"Iure minima ea quo fugit ipsum.",iure-minima-ea-quo-fugit-ipsum.,"Officiis labore similique qui dolorum quisquam debitis voluptatem. Velit in et sequi. Voluptas eos dolor et aspernatur mollitia et. Quaerat aut repellendus cumque saepe ut ut quas ea.",0,2024/03/03
"Aut velit sequi fugit animi rerum.",aut-velit-sequi-fugit-animi-rerum.,"Ut ipsum voluptatum voluptatem officiis itaque. Esse voluptatem ipsum quia consequatur magni excepturi sed.",0,2024/03/06
"Molestias sunt facilis dolore excepturi laborum.",molestias-sunt-facilis-dolore-excepturi-laborum.,"Sequi sunt aut reprehenderit ut ab voluptatibus repudiandae. Ut voluptatem maxime ut molestias amet beatae dicta. Quia quae et omnis consequatur cum. Consequatur harum qui itaque eum culpa.",1,2024/03/07
"Dolorum voluptatibus molestiae accusamus qui deserunt.",dolorum-voluptatibus-molestiae-accusamus-qui-deserunt.,"Ut rerum quidem qui consequatur similique eos. Iste quo officiis neque consectetur id deserunt sit. Saepe et voluptas facere sint et voluptate.",0,2024/02/27
"Ea officiis enim autem magnam recusandae impedit sed.",ea-officiis-enim-autem-magnam-recusandae-impedit-sed.,"Eveniet corporis blanditiis quis dolor. Voluptas omnis et ut qui similique ex. Aut voluptas non aut voluptatem voluptate. Excepturi eos qui quis sequi exercitationem.",1,2024/02/27
"Ut dolores similique magnam culpa nobis sint esse occaecati.",ut-dolores-similique-magnam-culpa-nobis-sint-esse-occaecati.,"In dolor praesentium natus a est eaque. Id iure nam ipsam magnam quod ipsa tenetur. Voluptatem aut ut perferendis et.",1,2024/02/10
"Nesciunt ut alias cum aut assumenda.",nesciunt-ut-alias-cum-aut-assumenda.,"Earum omnis suscipit incidunt non aperiam cumque. Aperiam aliquid earum sapiente quibusdam est ex. Illum quia fugiat nemo qui et.",1,2024/03/06
"Dolorem rerum repellendus in est qui esse.",dolorem-rerum-repellendus-in-est-qui-esse.,"Voluptatem sed in asperiores. Quidem nihil assumenda beatae sunt et. Perspiciatis quis vero ut.",0,2024/02/27
"Quam accusantium quia dolores aspernatur dolorem neque.",quam-accusantium-quia-dolores-aspernatur-dolorem-neque.,"Quasi suscipit ut iusto beatae delectus id. Dolores aut tenetur nostrum. Et accusamus labore commodi quia veritatis placeat saepe.",0,2024/02/23
"Fugit consequatur et harum illum vel minima.",fugit-consequatur-et-harum-illum-vel-minima.,"Aspernatur totam voluptatem doloremque adipisci eum autem. Reprehenderit laboriosam alias aliquam dicta numquam. Sed est aliquam ipsum beatae cum.",1,2024/03/02
"Porro sed et ut repellendus minus.",porro-sed-et-ut-repellendus-minus.,"Laborum sunt expedita rem cumque quia. Fuga at non laudantium rem. Aperiam eos enim ut doloribus optio consequatur autem et. Labore eligendi non aut saepe laboriosam.",1,2024/02/11
"Et in consequuntur quia sunt deserunt aliquid enim.",et-in-consequuntur-quia-sunt-deserunt-aliquid-enim.,"Aperiam saepe magnam laudantium ipsum asperiores itaque est voluptate. Molestiae quisquam voluptatum nihil quis suscipit.",0,2024/02/19
"Et expedita assumenda dolorem officiis aliquid incidunt.",et-expedita-assumenda-dolorem-officiis-aliquid-incidunt.,"Vitae neque praesentium neque minus tempora sed. Dolorem voluptatibus fugiat aut quod dolore debitis. Quidem alias consequatur accusamus ut voluptatem reiciendis.",0,2024/02/26
"Non est nihil adipisci quasi impedit quod.",non-est-nihil-adipisci-quasi-impedit-quod.,"Officiis autem deleniti consequatur earum unde autem. Quia expedita amet eius in accusamus eligendi dolore. Libero deleniti minus error asperiores in ut. Optio ad saepe quia odio voluptatibus minus.",0,2024/02/21
"Quod et officiis magnam et architecto.",quod-et-officiis-magnam-et-architecto.,"Mollitia dolorem dolores reprehenderit unde nemo modi. Modi provident est ut non. Laudantium qui est repellat ut quisquam alias.",0,2024/02/09
"A qui nemo qui totam dolores sunt.",a-qui-nemo-qui-totam-dolores-sunt.,"Earum voluptatem omnis nostrum qui. Quae ad molestias neque doloremque. Optio qui qui quasi dolor nam rerum est.",1,2024/02/25
"Necessitatibus quo sit atque alias minus.",necessitatibus-quo-sit-atque-alias-minus.,"Similique praesentium et qui. Est incidunt ipsa qui ipsam illum sapiente consequuntur. Quisquam vitae similique non quam sint autem. Rerum blanditiis aspernatur et illum debitis.",0,2024/02/13
"Eaque praesentium magni a assumenda.",eaque-praesentium-magni-a-assumenda.,"Eum repellendus impedit modi quo est. Possimus nisi culpa quia temporibus officia praesentium. Distinctio placeat iste mollitia omnis minima facere.",1,2024/02/16
"Voluptate dolor sed at.",voluptate-dolor-sed-at.,"Quam necessitatibus perspiciatis pariatur nemo odit velit. Placeat repellendus et earum id. Dolorum temporibus illo occaecati cupiditate molestiae impedit.",0,2024/03/04
"Magnam minima qui eum ullam nihil deleniti.",magnam-minima-qui-eum-ullam-nihil-deleniti.,"Excepturi animi magni ad reiciendis. Aut tempore et ut et. Sed vel minus tempore soluta.",0,2024/03/05
"Enim adipisci commodi minima sed libero ut commodi.",enim-adipisci-commodi-minima-sed-libero-ut-commodi.,"Et non qui ex sit hic. Est aliquid optio voluptates. Delectus quam quod a non quae expedita temporibus molestiae. Nobis vitae illum unde.",1,2024/02/20
"Et fugit ab odit dolorem ratione autem.",et-fugit-ab-odit-dolorem-ratione-autem.,"Animi reiciendis error rerum occaecati perspiciatis. Officiis necessitatibus culpa veniam ratione cupiditate veritatis. Inventore autem provident iure ab. Culpa non ut minus est voluptatem accusamus.",0,2024/02/11
